{
    "total_runtime": 345.75207710266113,
    "num_documents": 3,
    "input_load_time": 0,
    "workflows": {
        "create_base_text_units": {
            "overall": 0.14092302322387695,
            "0_orderby": 0.004597187042236328,
            "1_zip": 0.0014879703521728516,
            "2_aggregate_override": 0.0035979747772216797,
            "3_chunk": 0.10880804061889648,
            "4_select": 0.0027251243591308594,
            "5_unroll": 0.003732919692993164,
            "6_rename": 0.0014209747314453125,
            "7_genid": 0.002482891082763672,
            "8_unzip": 0.0019299983978271484,
            "9_copy": 0.0016171932220458984,
            "10_filter": 0.0074307918548583984
        },
        "create_base_extracted_entities": {
            "overall": 199.27080082893372,
            "0_entity_extract": 199.24484395980835,
            "1_merge_graphs": 0.0238039493560791
        },
        "create_summarized_entities": {
            "overall": 11.556888103485107,
            "0_summarize_descriptions": 11.554598808288574
        },
        "create_base_entity_graph": {
            "overall": 0.03040790557861328,
            "0_cluster_graph": 0.025316715240478516,
            "1_select": 0.0026450157165527344
        },
        "create_final_entities": {
            "overall": 1.1470308303833008,
            "0_unpack_graph": 0.009916305541992188,
            "1_rename": 0.002927064895629883,
            "2_select": 0.0029599666595458984,
            "3_dedupe": 0.004439830780029297,
            "4_rename": 0.0036318302154541016,
            "5_filter": 0.011176109313964844,
            "6_text_split": 0.004407167434692383,
            "7_drop": 0.0036830902099609375,
            "8_merge": 0.013723134994506836,
            "9_text_embed": 1.0741517543792725,
            "10_drop": 0.004039287567138672,
            "11_filter": 0.00927424430847168
        },
        "create_final_nodes": {
            "overall": 0.11678099632263184,
            "0_layout_graph": 0.03126692771911621,
            "1_unpack_graph": 0.012425899505615234,
            "2_unpack_graph": 0.012532949447631836,
            "3_filter": 0.011723995208740234,
            "4_drop": 0.0047092437744140625,
            "5_select": 0.004465818405151367,
            "6_rename": 0.004739046096801758,
            "7_convert": 0.017794132232666016,
            "8_join": 0.008235931396484375,
            "9_rename": 0.004929065704345703
        },
        "create_final_communities": {
            "overall": 0.13307690620422363,
            "0_unpack_graph": 0.012446880340576172,
            "1_unpack_graph": 0.012501716613769531,
            "2_aggregate_override": 0.009200811386108398,
            "3_join": 0.007883071899414062,
            "4_join": 0.008058309555053711,
            "5_concat": 0.005656719207763672,
            "6_filter": 0.017978906631469727,
            "7_aggregate_override": 0.0074460506439208984,
            "8_join": 0.007974863052368164,
            "9_filter": 0.013442039489746094,
            "10_fill": 0.005835056304931641,
            "11_merge": 0.007279157638549805,
            "12_copy": 0.005935192108154297,
            "13_select": 0.006247997283935547
        },
        "join_text_units_to_entity_ids": {
            "overall": 0.02774500846862793,
            "0_select": 0.006693124771118164,
            "1_unroll": 0.00701904296875,
            "2_aggregate_override": 0.00778508186340332
        },
        "create_final_relationships": {
            "overall": 0.10107207298278809,
            "0_unpack_graph": 0.013952970504760742,
            "1_filter": 0.016415119171142578,
            "2_rename": 0.00736689567565918,
            "3_filter": 0.016429901123046875,
            "4_drop": 0.007529020309448242,
            "5_compute_edge_combined_degree": 0.009019851684570312,
            "6_convert": 0.015758991241455078,
            "7_convert": 0.00783395767211914
        },
        "join_text_units_to_relationship_ids": {
            "overall": 0.040704965591430664,
            "0_select": 0.0077059268951416016,
            "1_unroll": 0.00842595100402832,
            "2_aggregate_override": 0.008989810943603516,
            "3_select": 0.007980108261108398
        },
        "create_final_community_reports": {
            "overall": 131.60256004333496,
            "0_prepare_community_reports_nodes": 0.010109186172485352,
            "1_prepare_community_reports_edges": 0.009662866592407227,
            "2_restore_community_hierarchy": 0.010065078735351562,
            "3_prepare_community_reports": 0.03790712356567383,
            "4_create_community_reports": 131.51104617118835,
            "5_window": 0.015702009201049805
        },
        "create_final_text_units": {
            "overall": 0.06981992721557617,
            "0_select": 0.009395837783813477,
            "1_rename": 0.009049177169799805,
            "2_join": 0.012238025665283203,
            "3_join": 0.010688066482543945,
            "4_aggregate_override": 0.010521173477172852,
            "5_select": 0.009153127670288086
        },
        "create_base_documents": {
            "overall": 0.11771678924560547,
            "0_unroll": 0.010389089584350586,
            "1_select": 0.009737968444824219,
            "2_rename": 0.010181665420532227,
            "3_join": 0.011933088302612305,
            "4_aggregate_override": 0.010895967483520508,
            "5_join": 0.013100862503051758,
            "6_rename": 0.009865045547485352,
            "7_convert": 0.03205108642578125
        },
        "create_final_documents": {
            "overall": 0.020673036575317383,
            "0_rename": 0.010509967803955078
        }
    }
}