{
    "total_runtime": 282.5685739517212,
    "num_documents": 1,
    "input_load_time": 0,
    "workflows": {
        "create_base_text_units": {
            "overall": 0.13010406494140625,
            "0_orderby": 0.004091024398803711,
            "1_zip": 0.0013320446014404297,
            "2_aggregate_override": 0.0030820369720458984,
            "3_chunk": 0.10062479972839355,
            "4_select": 0.002180814743041992,
            "5_unroll": 0.004075050354003906,
            "6_rename": 0.0014231204986572266,
            "7_genid": 0.0020499229431152344,
            "8_unzip": 0.0018742084503173828,
            "9_copy": 0.0016388893127441406,
            "10_filter": 0.006553173065185547
        },
        "create_base_extracted_entities": {
            "overall": 142.1135711669922,
            "0_entity_extract": 142.0940387248993,
            "1_merge_graphs": 0.01735401153564453
        },
        "create_summarized_entities": {
            "overall": 8.544159889221191,
            "0_summarize_descriptions": 8.54207706451416
        },
        "create_base_entity_graph": {
            "overall": 0.02432727813720703,
            "0_cluster_graph": 0.019269704818725586,
            "1_select": 0.0026438236236572266
        },
        "create_final_entities": {
            "overall": 1.0756690502166748,
            "0_unpack_graph": 0.007662296295166016,
            "1_rename": 0.0028390884399414062,
            "2_select": 0.002899169921875,
            "3_dedupe": 0.0048639774322509766,
            "4_rename": 0.003245830535888672,
            "5_filter": 0.008335113525390625,
            "6_text_split": 0.0037508010864257812,
            "7_drop": 0.0033719539642333984,
            "8_merge": 0.009408950805664062,
            "9_text_embed": 1.0122849941253662,
            "10_drop": 0.004417896270751953,
            "11_filter": 0.009792089462280273
        },
        "create_final_nodes": {
            "overall": 0.09890198707580566,
            "0_layout_graph": 0.02144002914428711,
            "1_unpack_graph": 0.009335041046142578,
            "2_unpack_graph": 0.009623050689697266,
            "3_filter": 0.010057926177978516,
            "4_drop": 0.00432586669921875,
            "5_select": 0.004314899444580078,
            "6_rename": 0.00441288948059082,
            "7_convert": 0.018323183059692383,
            "8_join": 0.008198022842407227,
            "9_rename": 0.005027055740356445
        },
        "create_final_communities": {
            "overall": 0.12068700790405273,
            "0_unpack_graph": 0.009823322296142578,
            "1_unpack_graph": 0.009036064147949219,
            "2_aggregate_override": 0.00823211669921875,
            "3_join": 0.007390022277832031,
            "4_join": 0.007280111312866211,
            "5_concat": 0.005459308624267578,
            "6_filter": 0.015272855758666992,
            "7_aggregate_override": 0.007339954376220703,
            "8_join": 0.007505893707275391,
            "9_filter": 0.01342010498046875,
            "10_fill": 0.005648136138916016,
            "11_merge": 0.006942272186279297,
            "12_copy": 0.006206035614013672,
            "13_select": 0.006226062774658203
        },
        "join_text_units_to_entity_ids": {
            "overall": 0.027111053466796875,
            "0_select": 0.006350278854370117,
            "1_unroll": 0.006962299346923828,
            "2_aggregate_override": 0.0075299739837646484
        },
        "create_final_relationships": {
            "overall": 0.09452271461486816,
            "0_unpack_graph": 0.011017322540283203,
            "1_filter": 0.015633821487426758,
            "2_rename": 0.006824970245361328,
            "3_filter": 0.015976905822753906,
            "4_drop": 0.007313966751098633,
            "5_compute_edge_combined_degree": 0.008762121200561523,
            "6_convert": 0.014646053314208984,
            "7_convert": 0.00759124755859375
        },
        "join_text_units_to_relationship_ids": {
            "overall": 0.040480852127075195,
            "0_select": 0.007999897003173828,
            "1_unroll": 0.008372068405151367,
            "2_aggregate_override": 0.00878286361694336,
            "3_select": 0.008008003234863281
        },
        "create_final_community_reports": {
            "overall": 128.66290497779846,
            "0_prepare_community_reports_nodes": 0.009542226791381836,
            "1_prepare_community_reports_edges": 0.009572029113769531,
            "2_restore_community_hierarchy": 0.010220050811767578,
            "3_prepare_community_reports": 0.04036974906921387,
            "4_create_community_reports": 128.5686480998993,
            "5_window": 0.015697002410888672
        },
        "create_final_text_units": {
            "overall": 0.07184386253356934,
            "0_select": 0.00935506820678711,
            "1_rename": 0.009011983871459961,
            "2_join": 0.012910127639770508,
            "3_join": 0.01121211051940918,
            "4_aggregate_override": 0.010568857192993164,
            "5_select": 0.009762048721313477
        },
        "create_base_documents": {
            "overall": 0.10716485977172852,
            "0_unroll": 0.010335922241210938,
            "1_select": 0.009765863418579102,
            "2_rename": 0.010072708129882812,
            "3_join": 0.011804819107055664,
            "4_aggregate_override": 0.010092020034790039,
            "5_join": 0.013099908828735352,
            "6_rename": 0.010860919952392578,
            "7_convert": 0.02195882797241211
        },
        "create_final_documents": {
            "overall": 0.020841121673583984,
            "0_rename": 0.010418891906738281
        }
    }
}